Name,Version
accountsservice,0.6.45
acl,2.2.52
acpid,2.0.28
adduser,3.116
adwaita-icon-theme,3.28.0
apparmor,2.12
apport,2.20.9
apport-symptoms,0.20
apt,1.6.6
apt-utils,1.6.6
aptitude,0.8.10
aptitude-common,0.8.10
at,3.1.20
at-spi2-core,2.28.0
base-files,10.1
base-passwd,3.5.44
bash,4.4.18
bash-completion,2.8
bc,1.07.1
bcache-tools,1.0.8
bind9-host,9.11.3
binfmt-support,2.1.8
binutils,2.30
binutils-common:amd64,2.30
binutils-x86-64-linux-gnu,2.30
bsdmainutils,11.1.2
bsdutils,2.31.1
btrfs-progs,4.15.1
btrfs-tools,4.15.1
build-essential,12.4
busybox-initramfs,1.27.2
busybox-static,1.27.2
byobu,5.125
bzip2,1.0.6
ca-certificates,20180409
castxml,0.1
cloud-guest-utils,0.30
cloud-init,18.2
cloud-initramfs-copymods,0.40
cloud-initramfs-dyn-netconf,0.40
cmake,3.10.2
cmake-data,3.10.2
command-not-found,18.04.5
command-not-found-data,18.04.5
console-setup,1.178
console-setup-linux,1.178
coreutils,8.28
cpio,2.12
cpp,7.3.0
cpp-7,7.3.0
cpu-checker,0.7
cron,3.0pl1
cryptsetup,2.0.2
cryptsetup-bin,2.0.2
curl,7.58.0
dash,0.5.8
dbus,1.12.2
dconf-gsettings-backend:amd64,0.26.0
dconf-service,0.26.0
debconf,1.5.66
debconf-i18n,1.5.66
debianutils,4.8.4
dh-python,3.20180325
diffutils,3.6
dirmngr,2.2.4
distro-info-data,0.37
dkms,2.3
dmeventd,1.02.145
dmidecode,3.1
dmsetup,1.02.145
dns-root-data,2018013001
dnsmasq-base,2.79
dnsutils,9.11.3
dosfstools,4.1
dpkg,1.19.0.5
dpkg-dev,1.19.0.5
e2fsprogs,1.44.1
eatmydata,105
ebtables,2.0.10.4
ed,1.10
eject,2.1.5
ethtool,4.15
fakeroot,1.22
fdisk,2.31.1
file,5.32
findutils,4.6.0
fontconfig,2.12.6
fontconfig-config,2.12.6
fonts-dejavu-core,2.37
fonts-lato,2.0
fonts-ubuntu-console,0.83
friendly-recovery,0.2.38
ftp,0.17
fuse,2.9.7
g++,7.3.0
g++-7,7.3.0
g++-7-multilib,7.3.0
g++-multilib,7.3.0
gawk,4.1.4
gcc,7.3.0
gcc-7,7.3.0
gcc-7-base:amd64,7.3.0
gcc-7-multilib,7.3.0
gcc-8-base:amd64,8.2.0
gcc-8-base:i386,8.2.0
gcc-multilib,7.3.0
gdb,8.1
gdbserver,8.1
gdisk,1.0.3
geoip-database,20180315
gettext-base,0.19.8.1
gir1.2-glib-2.0:amd64,1.56.1
git,2.17.1
git-man,2.17.1
glib-networking:amd64,2.56.0
glib-networking-common,2.56.0
glib-networking-services,2.56.0
gnupg,2.2.4
gnupg-l10n,2.2.4
gnupg-utils,2.2.4
gnustep-base-common,1.25.1
gnustep-base-runtime,1.25.1
gnustep-common,2.7.0
gpg,2.2.4
gpg-agent,2.2.4
gpg-wks-client,2.2.4
gpg-wks-server,2.2.4
gpgconf,2.2.4
gpgsm,2.2.4
gpgv,2.2.4
grep,3.1
groff-base,1.22.3
grub-common,2.02
grub-gfxpayload-lists,0.7
grub-legacy-ec2,1
grub-pc,2.02
grub-pc-bin,2.02
grub2-common,2.02
gsettings-desktop-schemas,3.28.0
gstreamer1.0-plugins-base:amd64,1.14.1
gstreamer1.0-plugins-good:amd64,1.14.1
gstreamer1.0-x:amd64,1.14.1
gtk-update-icon-cache,3.22.30
gyp,0.1
gzip,1.6
hdparm,9.54
hicolor-icon-theme,0.17
hostname,3.20
htop,2.1.0
humanity-icon-theme,0.6.15
ibverbs-providers:amd64,17.1
info,6.5.0.dfsg.1
init,1.51
init-system-helpers,1.51
initramfs-tools,0.130
initramfs-tools-bin,0.130
initramfs-tools-core,0.130
install-info,6.5.0.dfsg.1
iproute2,4.15.0
iptables,1.6.1
iputils-ping,20161105
iputils-tracepath,20161105
ipxe-qemu,1.0.0
ipxe-qemu-256k-compat-efi-roms,1.0.0
ipython,5.5.0
irqbalance,1.3.0
isc-dhcp-client,4.3.5
isc-dhcp-common,4.3.5
iso-codes,3.79
javascript-common,11
kbd,2.0.4
keyboard-configuration,1.178
klibc-utils,2.0.4
kmod,24
kpartx,0.7.4
krb5-locales,1.16
landscape-common,18.01
language-pack-it,18.04
language-pack-it-base,18.04
language-selector-common,0.188.1
less,487
lib32asan4,7.3.0
lib32atomic1,8.2.0
lib32cilkrts5,7.3.0
lib32gcc-7-dev,7.3.0
lib32gcc1,8.2.0
lib32gomp1,8.2.0
lib32itm1,8.2.0
lib32mpx2,8.2.0
lib32quadmath0,8.2.0
lib32stdc++-7-dev,7.3.0
lib32stdc++6,8.2.0
lib32ubsan0,7.3.0
libaa1:amd64,1.4p5
libaccountsservice0:amd64,0.6.45
libacl1:amd64,2.2.52
libaio1:amd64,0.3.110
libalgorithm-diff-perl,1.19.03
libalgorithm-diff-xs-perl,0.04
libalgorithm-merge-perl,0.08
libapparmor1:amd64,2.12
libapt-inst2.0:amd64,1.6.6
libapt-pkg5.0:amd64,1.6.6
libarchive13:amd64,3.2.2
libargon2-0:amd64,0
libasan4:amd64,7.3.0
libasn1-8-heimdal:amd64,7.5.0
libasound2:amd64,1.1.3
libasound2-data,1.1.3
libassuan0:amd64,2.5.1
libasyncns0:amd64,0.8
libatk-bridge2.0-0:amd64,2.26.2
libatk1.0-0:amd64,2.28.1
libatk1.0-data,2.28.1
libatm1:amd64,2.5.1
libatomic1:amd64,8.2.0
libatspi2.0-0:amd64,2.28.0
libattr1:amd64,2.4.47
libaudit-common,2.8.2
libaudit1:amd64,2.8.2
libavahi-client3:amd64,0.7
libavahi-common-data:amd64,0.7
libavahi-common3:amd64,0.7
libavc1394-0:amd64,0.5.4
libbabeltrace1:amd64,1.5.5
libbind9-160:amd64,9.11.3
libbinutils:amd64,2.30
libblkid1:amd64,2.31.1
libbluetooth3:amd64,5.48
libboost-filesystem1.65.1:amd64,1.65.1
libboost-iostreams1.65.1:amd64,1.65.1
libboost-system1.65.1:amd64,1.65.1
libbrlapi0.6:amd64,5.5
libbsd0:amd64,0.8.7
libbz2-1.0:amd64,1.0.6
libc-ares2:amd64,1.14.0
libc-bin,2.27
libc-dev-bin,2.27
libc6:amd64,2.27
libc6:i386,2.27
libc6-dbg:amd64,2.27
libc6-dbg:i386,2.27
libc6-dev:amd64,2.27
libc6-dev-i386,2.27
libc6-dev-x32,2.27
libc6-i386,2.27
libc6-x32,2.27
libcaca0:amd64,0.99.beta19
libcacard0:amd64,2.5.0
libcairo-gobject2:amd64,1.15.10
libcairo2:amd64,1.15.10
libcap-ng0:amd64,0.7.7
libcap2:amd64,2.25
libcap2-bin,2.25
libcapstone3:i386,3.0.4
libcc1-0:amd64,8.2.0
libcdparanoia0:amd64,3.10.2
libcgi-fast-perl,2.13
libcgi-pm-perl,4.38
libcilkrts5:amd64,7.3.0
libclass-accessor-perl,0.51
libcolord2:amd64,1.3.3
libcom-err2:amd64,1.44.1
libcroco3:amd64,0.6.12
libcryptsetup12:amd64,2.0.2
libcups2:amd64,2.2.7
libcurl3-gnutls:amd64,7.58.0
libcurl4:amd64,7.58.0
libcwidget3v5:amd64,0.5.17
libdatrie1:amd64,0.2.10
libdb5.3:amd64,5.3.28
libdbus-1-3:amd64,1.12.2
libdconf1:amd64,0.26.0
libdebconfclient0:amd64,0.213
libdevmapper-event1.02.1:amd64,1.02.145
libdevmapper1.02.1:amd64,1.02.145
libdns-export1100,9.11.3
libdns1100:amd64,9.11.3
libdouble-conversion-dev:amd64,2.0.1
libdouble-conversion1:amd64,2.0.1
libdpkg-perl,1.19.0.5
libdrm-amdgpu1:amd64,2.4.91
libdrm-common,2.4.91
libdrm-intel1:amd64,2.4.91
libdrm-nouveau2:amd64,2.4.91
libdrm-radeon1:amd64,2.4.91
libdrm2:amd64,2.4.91
libdumbnet1:amd64,1.12
libdv4:amd64,1.0.0
libdw1:amd64,0.170
libeatmydata1:amd64,105
libedit2:amd64,3.1
libegl-mesa0:amd64,18.0.5
libegl1:amd64,1.0.0
libelf1:amd64,0.170
libencode-locale-perl,1.05
libepoxy0:amd64,1.4.3
liberror-perl,0.17025
libestr0:amd64,0.1.10
libevdev2:amd64,1.5.8
libevent-2.1-6:amd64,2.1.8
libexpat1:amd64,2.2.5
libexpat1-dev:amd64,2.2.5
libext2fs2:amd64,1.44.1
libfakeroot:amd64,1.22
libfastjson4:amd64,0.99.8
libfcgi-perl,0.78
libfdisk1:amd64,2.31.1
libfdt1:amd64,1.4.5
libffi6:amd64,3.2.1
libfile-fcntllock-perl,0.22
libflac8:amd64,1.3.2
libfontconfig1:amd64,2.12.6
libfreetype6:amd64,2.8.1
libfribidi0:amd64,0.19.7
libfuse2:amd64,2.9.7
libgbm1:amd64,18.0.5
libgc1c2:amd64,7.4.2
libgcc-7-dev:amd64,7.3.0
libgcc1:amd64,8.2.0
libgcc1:i386,8.2.0
libgcrypt20:amd64,1.8.1
libgdbm-compat4:amd64,1.14.1
libgdbm5:amd64,1.14.1
libgdk-pixbuf2.0-0:amd64,2.36.11
libgdk-pixbuf2.0-bin,2.36.11
libgdk-pixbuf2.0-common,2.36.11
libgeoip1:amd64,1.6.12
libgirepository-1.0-1:amd64,1.56.1
libgl1:amd64,1.0.0
libgl1-mesa-dri:amd64,18.0.5
libglapi-mesa:amd64,18.0.5
libglib2.0-0:amd64,2.56.2
libglib2.0-bin,2.56.2
libglib2.0-data,2.56.2
libglib2.0-dev:amd64,2.56.2
libglib2.0-dev-bin,2.56.2
libglvnd0:amd64,1.0.0
libglx-mesa0:amd64,18.0.5
libglx0:amd64,1.0.0
libgmp-dev:amd64,6.1.2
libgmp10:amd64,6.1.2
libgmp10-dbgsym:amd64,6.1.2
libgmp3-dev,6.1.2
libgmpxx4ldbl:amd64,6.1.2
libgnustep-base1.25,1.25.1
libgnutls30:amd64,3.5.18
libgomp1:amd64,8.2.0
libgpg-error0:amd64,1.27
libgpm2:amd64,1.20.7
libgraphite2-3:amd64,1.3.11
libgsoap-2.8.60:amd64,2.8.60
libgssapi-krb5-2:amd64,1.16
libgssapi3-heimdal:amd64,7.5.0
libgstreamer-plugins-base1.0-0:amd64,1.14.1
libgstreamer-plugins-good1.0-0:amd64,1.14.1
libgstreamer1.0-0:amd64,1.14.1
libgtk-3-0:amd64,3.22.30
libgtk-3-bin,3.22.30
libgtk-3-common,3.22.30
libgudev-1.0-0:amd64,232
libharfbuzz0b:amd64,1.7.2
libhcrypto4-heimdal:amd64,7.5.0
libheimbase1-heimdal:amd64,7.5.0
libheimntlm0-heimdal:amd64,7.5.0
libhogweed4:amd64,3.4
libhtml-parser-perl,3.72
libhtml-tagset-perl,3.20
libhttp-date-perl,6.02
libhttp-message-perl,6.14
libhttp-parser2.7.1:amd64,2.7.1
libhx509-5-heimdal:amd64,7.5.0
libibverbs1:amd64,17.1
libice6:amd64,1.0.9
libicu60:amd64,60.2
libidn11:amd64,1.33
libidn2-0:amd64,2.0.4
libiec61883-0:amd64,1.2.0
libinput-bin,1.10.4
libinput10:amd64,1.10.4
libio-html-perl,1.001
libio-string-perl,1.08
libip4tc0:amd64,1.6.1
libip6tc0:amd64,1.6.1
libiptc0:amd64,1.6.1
libirs160:amd64,9.11.3
libisc-export169:amd64,9.11.3
libisc169:amd64,9.11.3
libisccc160:amd64,9.11.3
libisccfg160:amd64,9.11.3
libiscsi7:amd64,1.17.0
libisl19:amd64,0.19
libisns0:amd64,0.97
libitm1:amd64,8.2.0
libjack-jackd2-0:amd64,1.9.12
libjbig0:amd64,2.1
libjpeg-turbo8:amd64,1.5.2
libjpeg8:amd64,8c
libjs-async,0.8.0
libjs-inherits,2.0.3
libjs-jquery,3.2.1
libjs-node-uuid,1.4.7
libjs-underscore,1.8.3
libjson-c3:amd64,0.12.1
libjson-glib-1.0-0:amd64,1.4.2
libjson-glib-1.0-common,1.4.2
libjsoncpp1:amd64,1.7.4
libk5crypto3:amd64,1.16
libkeyutils1:amd64,1.5.9
libklibc,2.0.4
libkmod2:amd64,24
libkrb5-26-heimdal:amd64,7.5.0
libkrb5-3:amd64,1.16
libkrb5support0:amd64,1.16
libksba8:amd64,1.3.5
liblcms2-2:amd64,2.9
libldap-2.4-2:amd64,2.4.45
libldap-common,2.4.45
libllvm6.0:amd64,6.0
liblocale-gettext-perl,1.07
liblsan0:amd64,8.2.0
liblvm2app2.2:amd64,2.02.176
liblvm2cmd2.02:amd64,2.02.176
liblwp-mediatypes-perl,6.02
liblwres160:amd64,9.11.3
liblxc-common,3.0.1
liblxc1,3.0.1
liblz4-1:amd64,0.0
liblzma5:amd64,5.2.2
liblzo2-2:amd64,2.08
libmagic-mgc,5.32
libmagic1:amd64,5.32
libmnl0:amd64,1.0.4
libmount1:amd64,2.31.1
libmp3lame0:amd64,3.100
libmpc-dev:amd64,1.1.0
libmpc3:amd64,1.1.0
libmpdec2:amd64,2.4.2
libmpfr-dev:amd64,4.0.1
libmpfr6:amd64,4.0.1
libmpg123-0:amd64,1.25.10
libmpx2:amd64,8.2.0
libmspack0:amd64,0.6
libmtdev1:amd64,1.1.5
libncurses5:amd64,6.1
libncursesw5:amd64,6.1
libnetfilter-conntrack3:amd64,1.0.6
libnettle6:amd64,3.4
libnewt0.52:amd64,0.52.20
libnfnetlink0:amd64,1.0.1
libnghttp2-14:amd64,1.30.0
libnih1:amd64,1.0.3
libnl-3-200:amd64,3.2.29
libnl-route-3-200:amd64,3.2.29
libnpth0:amd64,1.5
libnspr4:amd64,4.18
libnss-systemd:amd64,237
libnss3:amd64,3.35
libntfs-3g88,2017.3.23
libnuma1:amd64,2.0.11
libobjc4:amd64,8.2.0
libogg0:amd64,1.3.2
libopus0:amd64,1.1.2
liborc-0.4-0:amd64,0.4.28
libp11-kit0:amd64,0.23.9
libpam-cap:amd64,2.25
libpam-modules:amd64,1.1.8
libpam-modules-bin,1.1.8
libpam-runtime,1.1.8
libpam-systemd:amd64,237
libpam0g:amd64,1.1.8
libpango-1.0-0:amd64,1.40.14
libpangocairo-1.0-0:amd64,1.40.14
libpangoft2-1.0-0:amd64,1.40.14
libparse-debianchangelog-perl,1.2.0
libparted2:amd64,3.2
libpcap0.8:amd64,1.8.1
libpci3:amd64,3.5.2
libpciaccess0:amd64,0.14
libpcre16-3:amd64,8.39
libpcre2-16-0:amd64,10.31
libpcre3:amd64,8.39
libpcre3-dev:amd64,8.39
libpcre32-3:amd64,8.39
libpcrecpp0v5:amd64,8.39
libperl5.26:amd64,5.26.1
libpipeline1:amd64,1.5.0
libpixman-1-0:amd64,0.34.0
libplymouth4:amd64,0.9.3
libpng16-16:amd64,1.6.34
libpolkit-agent-1-0:amd64,0.105
libpolkit-backend-1-0:amd64,0.105
libpolkit-gobject-1-0:amd64,0.105
libpoppler-cpp-dev:amd64,0.62.0
libpoppler-cpp0v5:amd64,0.62.0
libpoppler-dev:amd64,0.62.0
libpoppler73:amd64,0.62.0
libpopt0:amd64,1.16
libprocps6:amd64,3.3.12
libproxy1v5:amd64,0.4.15
libpsl5:amd64,0.19.1
libpulse0:amd64,11.1
libpython-all-dev:amd64,2.7.15
libpython-dev:amd64,2.7.15
libpython-stdlib:amd64,2.7.15
libpython2.7:amd64,2.7.15
libpython2.7-dev:amd64,2.7.15
libpython2.7-minimal:amd64,2.7.15
libpython2.7-stdlib:amd64,2.7.15
libpython3-dev:amd64,3.6.5
libpython3-stdlib:amd64,3.6.5
libpython3.6:amd64,3.6.5
libpython3.6-dev:amd64,3.6.5
libpython3.6-minimal:amd64,3.6.5
libpython3.6-stdlib:amd64,3.6.5
libqt5core5a:amd64,5.9.5
libqt5dbus5:amd64,5.9.5
libqt5gui5:amd64,5.9.5
libqt5network5:amd64,5.9.5
libqt5opengl5:amd64,5.9.5
libqt5printsupport5:amd64,5.9.5
libqt5svg5:amd64,5.9.5
libqt5widgets5:amd64,5.9.5
libqt5x11extras5:amd64,5.9.5
libquadmath0:amd64,8.2.0
librados2,12.2.4
libraw1394-11:amd64,2.1.2
librbd1,12.2.4
librdmacm1:amd64,17.1
libreadline5:amd64,5.2
libreadline7:amd64,7.0
librest-0.7-0:amd64,0.8.0
librhash0:amd64,1.3.6
libroken18-heimdal:amd64,7.5.0
librsvg2-2:amd64,2.40.20
librsvg2-common:amd64,2.40.20
librtmp1:amd64,2.4
libruby2.5:amd64,2.5.1
libsamplerate0:amd64,0.1.9
libsasl2-2:amd64,2.1.27
libsasl2-modules:amd64,2.1.27
libsasl2-modules-db:amd64,2.1.27
libsdl1.2debian:amd64,1.2.15
libseccomp2:amd64,2.3.1
libselinux1:amd64,2.7
libsemanage-common,2.7
libsemanage1:amd64,2.7
libsensors4:amd64,3.4.0
libsepol1:amd64,2.7
libshout3:amd64,2.4.1
libsigc++-2.0-0v5:amd64,2.10.0
libsigsegv2:amd64,2.12
libslang2:amd64,2.3.1a
libsm6:amd64,1.2.2
libsmartcols1:amd64,2.31.1
libsndfile1:amd64,1.0.28
libsoup-gnome2.4-1:amd64,2.62.1
libsoup2.4-1:amd64,2.62.1
libspeex1:amd64,1.2
libspice-server1:amd64,0.14.0
libsqlite3-0:amd64,3.22.0
libss2:amd64,1.44.1
libssl1.0-dev:amd64,1.0.2n
libssl1.0.0:amd64,1.0.2n
libssl1.1:amd64,1.1.0g
libstdc++-7-dev:amd64,7.3.0
libstdc++6:amd64,8.2.0
libsub-name-perl,0.21
libsystemd0:amd64,237
libtag1v5:amd64,1.11.1
libtag1v5-vanilla:amd64,1.11.1
libtasn1-6:amd64,4.13
libtext-charwidth-perl,0.04
libtext-iconv-perl,1.7
libtext-wrapi18n-perl,0.06
libthai-data,0.1.27
libthai0:amd64,0.1.27
libtheora0:amd64,1.1.1
libtiff5:amd64,4.0.9
libtimedate-perl,2.3000
libtinfo5:amd64,6.1
libtsan0:amd64,8.2.0
libtwolame0:amd64,0.3.13
libubsan0:amd64,7.3.0
libudev1:amd64,237
libunistring2:amd64,0.9.9
libunwind8:amd64,1.2.1
liburi-perl,1.73
libusb-1.0-0:amd64,1.0.21
libusbredirparser1:amd64,0.7.1
libutempter0:amd64,1.1.6
libuuid1:amd64,2.31.1
libuv1:amd64,1.18.0
libuv1-dev:amd64,1.18.0
libv4l-0:amd64,1.14.2
libv4lconvert0:amd64,1.14.2
libvisual-0.4-0:amd64,0.4.0
libvncserver1:amd64,0.9.11
libvorbis0a:amd64,1.3.5
libvorbisenc2:amd64,1.3.5
libvpx5:amd64,1.7.0
libwacom-bin,0.29
libwacom-common,0.29
libwacom2:amd64,0.29
libwavpack1:amd64,5.1.0
libwayland-client0:amd64,1.14.0
libwayland-cursor0:amd64,1.14.0
libwayland-egl1-mesa:amd64,18.0.5
libwayland-server0:amd64,1.14.0
libwind0-heimdal:amd64,7.5.0
libwrap0:amd64,7.6.q
libx11-6:amd64,1.6.4
libx11-data,1.6.4
libx11-xcb1:amd64,1.6.4
libx32asan4,7.3.0
libx32atomic1,8.2.0
libx32cilkrts5,7.3.0
libx32gcc-7-dev,7.3.0
libx32gcc1,8.2.0
libx32gomp1,8.2.0
libx32itm1,8.2.0
libx32quadmath0,8.2.0
libx32stdc++-7-dev,7.3.0
libx32stdc++6,8.2.0
libx32ubsan0,7.3.0
libxapian30:amd64,1.4.5
libxau6:amd64,1.0.8
libxcb-dri2-0:amd64,1.13
libxcb-dri3-0:amd64,1.13
libxcb-glx0:amd64,1.13
libxcb-icccm4:amd64,0.4.1
libxcb-image0:amd64,0.4.0
libxcb-keysyms1:amd64,0.4.0
libxcb-present0:amd64,1.13
libxcb-randr0:amd64,1.13
libxcb-render-util0:amd64,0.3.9
libxcb-render0:amd64,1.13
libxcb-shape0:amd64,1.13
libxcb-shm0:amd64,1.13
libxcb-sync1:amd64,1.13
libxcb-util1:amd64,0.4.0
libxcb-xfixes0:amd64,1.13
libxcb-xinerama0:amd64,1.13
libxcb-xkb1:amd64,1.13
libxcb1:amd64,1.13
libxcomposite1:amd64,0.4.4
libxcursor1:amd64,1.1.15
libxdamage1:amd64,1.1.4
libxdmcp6:amd64,1.1.2
libxen-4.9:amd64,4.9.2
libxenstore3.0:amd64,4.9.2
libxext6:amd64,1.3.3
libxfixes3:amd64,5.0.3
libxi6:amd64,1.7.9
libxinerama1:amd64,1.1.3
libxkbcommon-x11-0:amd64,0.8.0
libxkbcommon0:amd64,0.8.0
libxml2:amd64,2.9.4
libxmlsec1:amd64,1.2.25
libxmlsec1-openssl:amd64,1.2.25
libxmu6:amd64,1.1.2
libxmuu1:amd64,1.1.2
libxrandr2:amd64,1.5.1
libxrender1:amd64,0.9.10
libxshmfence1:amd64,1.3
libxslt1.1:amd64,1.1.29
libxt6:amd64,1.1.5
libxtables12:amd64,1.6.1
libxtst6:amd64,1.2.3
libxv1:amd64,1.0.11
libxxf86vm1:amd64,1.1.4
libyajl2:amd64,2.1.0
libyaml-0-2:amd64,0.1.7
libzstd1:amd64,1.3.3
linux-base,4.5
linux-headers-4.15.0-29,4.15.0
linux-headers-4.15.0-29-generic,4.15.0
linux-headers-4.15.0-36,4.15.0
linux-headers-4.15.0-36-generic,4.15.0
linux-headers-4.15.0-42,4.15.0
linux-headers-4.15.0-42-generic,4.15.0
linux-headers-4.15.0-43,4.15.0
linux-headers-4.15.0-43-generic,4.15.0
linux-headers-4.15.0-44,4.15.0
linux-headers-4.15.0-44-generic,4.15.0
linux-headers-generic,4.15.0.44.46
linux-headers-virtual,4.15.0.44.46
linux-image-4.15.0-29-generic,4.15.0
linux-image-4.15.0-34-generic,4.15.0
linux-image-4.15.0-36-generic,4.15.0
linux-image-4.15.0-42-generic,4.15.0
linux-image-4.15.0-43-generic,4.15.0
linux-image-4.15.0-44-generic,4.15.0
linux-image-virtual,4.15.0.44.46
linux-libc-dev:amd64,4.15.0
linux-modules-4.15.0-29-generic,4.15.0
linux-modules-4.15.0-34-generic,4.15.0
linux-modules-4.15.0-36-generic,4.15.0
linux-modules-4.15.0-42-generic,4.15.0
linux-modules-4.15.0-43-generic,4.15.0
linux-modules-4.15.0-44-generic,4.15.0
linux-modules-4.17.0-041700-generic,4.17.0
linux-virtual,4.15.0.44.46
locales,2.27
login,4.5
logrotate,3.11.0
lsb-base,9.20170808
lsb-release,9.20170808
lshw,02.18
lsof,4.89
ltrace,0.7.3
lvm2,2.02.176
lxcfs,3.0.1
lxd,3.0.1
lxd-client,3.0.1
make,4.1
man-db,2.8.3
manpages,4.15
manpages-dev,4.15
mawk,1.3.3
mdadm,4.1
mime-support,3.60
mlocate,0.26
mount,2.31.1
msr-tools,1.3
mtr-tiny,0.92
multiarch-support,2.27
nano,2.9.3
nasm,2.13.02
ncurses-base,6.1
ncurses-bin,6.1
ncurses-term,6.1
net-tools,1.60
netbase,5.4
netcat-openbsd,1.187
netplan.io,0.40.1
networkd-dispatcher,1.7
node-abbrev,1.0.9
node-ansi,0.3.0
node-ansi-color-table,1.0.0
node-archy,1.0.0
node-async,0.8.0
node-balanced-match,0.4.2
node-block-stream,0.0.9
node-brace-expansion,1.1.8
node-builtin-modules,1.1.1
node-combined-stream,0.0.5
node-concat-map,0.0.1
node-cookie-jar,0.3.1
node-delayed-stream,0.0.5
node-forever-agent,0.5.1
node-form-data,0.1.0
node-fs.realpath,1.0.0
node-fstream,1.0.10
node-fstream-ignore,0.0.6
node-github-url-from-git,1.4.0
node-glob,7.1.2
node-graceful-fs,4.1.11
node-gyp,3.6.2
node-hosted-git-info,2.5.0
node-inflight,1.0.6
node-inherits,2.0.3
node-ini,1.3.4
node-is-builtin-module,1.0.0
node-isexe,2.0.0
node-json-stringify-safe,5.0.0
node-lockfile,0.4.1
node-lru-cache,4.1.1
node-mime,1.3.4
node-minimatch,3.0.4
node-mkdirp,0.5.1
node-mute-stream,0.0.7
node-node-uuid,1.4.7
node-nopt,3.0.6
node-normalize-package-data,2.3.5
node-npmlog,0.0.4
node-once,1.4.0
node-osenv,0.1.4
node-path-is-absolute,1.0.0
node-pseudomap,1.0.2
node-qs,2.2.4
node-read,1.0.7
node-read-package-json,1.2.4
node-request,2.26.1
node-retry,0.10.1
node-rimraf,2.6.2
node-semver,5.4.1
node-sha,1.2.3
node-slide,1.1.6
node-spdx-correct,1.0.2
node-spdx-expression-parse,1.0.4
node-spdx-license-ids,1.2.2
node-tar,2.2.1
node-tunnel-agent,0.3.1
node-underscore,1.8.3
node-validate-npm-package-license,3.0.1
node-which,1.3.0
node-wrappy,1.0.2
node-yallist,2.0.0
nodejs,8.10.0
nodejs-dev,8.10.0
nodejs-doc,8.10.0
nplan,0.40.1
npm,3.5.2
ntfs-3g,2017.3.23
open-iscsi,2.0.874
open-vm-tools,10.2.0
openssh-client,7.6p1
openssh-server,7.6p1
openssh-sftp-server,7.6p1
openssl,1.1.0g
os-prober,1.74
overlayroot,0.40
parted,3.2
passwd,4.5
pastebinit,1.5
patch,2.7.6
pciutils,3.5.2
perl,5.26.1
perl-base,5.26.1
perl-modules-5.26,5.26.1
pinentry-curses,1.1.0
pkg-config,0.29.1
plymouth,0.9.3
plymouth-theme-ubuntu-text,0.9.3
policykit-1,0.105
pollinate,4.33
poppler-data,0.4.8
popularity-contest,1.66
powermgmt-base,1.33
procps,3.3.12
psmisc,23.1
publicsuffix,20180223.1310
python,2.7.15
python-all,2.7.15
python-all-dev,2.7.15
python-apt,1.6.3
python-apt-common,1.6.2
python-asn1crypto,0.24.0
python-backports-shutil-get-terminal-size,1.0.0
python-cffi-backend,1.11.5
python-chardet,3.0.4
python-crypto,2.6.1
python-cryptography,2.1.4
python-dbus,1.2.6
python-decorator,4.1.2
python-dev,2.7.15
python-enum34,1.1.6
python-gi,3.26.1
python-idna,2.6
python-ipaddress,1.0.17
python-ipython,5.5.0
python-ipython-genutils,0.2.0
python-keyring,10.6.0
python-keyrings.alt,3.0
python-minimal,2.7.15
python-pathlib2,2.3.0
python-pexpect,4.2.1
python-pickleshare,0.7.4
python-pip,9.0.1
python-pip-whl,9.0.1
python-pkg-resources,39.0.1
python-prompt-toolkit,1.0.15
python-ptyprocess,0.5.2
python-pygments,2.2.0
python-scandir,1.7
python-secretstorage,2.3.1
python-setuptools,39.0.1
python-simplegeneric,0.8.1
python-six,1.11.0
python-traitlets,4.3.2
python-wcwidth,0.1.7
python-wheel,0.30.0
python-xdg,0.25
python2.7,2.7.15
python2.7-dev,2.7.15
python2.7-minimal,2.7.15
python3,3.6.5
python3-apport,2.20.9
python3-apt,1.6.2
python3-asn1crypto,0.24.0
python3-attr,17.4.0
python3-automat,0.6.0
python3-blinker,1.4
python3-certifi,2018.1.18
python3-cffi-backend,1.11.5
python3-chardet,3.0.4
python3-click,6.7
python3-colorama,0.3.7
python3-commandnotfound,18.04.5
python3-configobj,5.0.6
python3-constantly,15.1.0
python3-crypto,2.6.1
python3-cryptography,2.1.4
python3-dbus,1.2.6
python3-debconf,1.5.66
python3-debian,0.1.32
python3-dev,3.6.5
python3-distro-info,0.18
python3-distupgrade,18.04.21
python3-distutils,3.6.5
python3-gdbm:amd64,3.6.5
python3-gi,3.26.1
python3-httplib2,0.9.2
python3-hyperlink,17.3.1
python3-idna,2.6
python3-incremental,16.10.1
python3-jinja2,2.10
python3-json-pointer,1.10
python3-jsonpatch,1.19
python3-jsonschema,2.6.0
python3-jwt,1.5.3
python3-keyring,10.6.0
python3-keyrings.alt,3.0
python3-lib2to3,3.6.5
python3-markupsafe,1.0
python3-minimal,3.6.5
python3-netifaces,0.10.4
python3-newt:amd64,0.52.20
python3-oauthlib,2.0.6
python3-openssl,17.5.0
python3-pam,0.4.2
python3-pip,9.0.1
python3-pkg-resources,39.0.1
python3-problem-report,2.20.9
python3-pyasn1,0.4.2
python3-pyasn1-modules,0.2.1
python3-requests,2.18.4
python3-requests-unixsocket,0.1.5
python3-secretstorage,2.3.1
python3-serial,3.4
python3-service-identity,16.0.0
python3-setuptools,39.0.1
python3-six,1.11.0
python3-software-properties,0.96.24.32.4
python3-systemd,234
python3-twisted,17.9.0
python3-twisted-bin:amd64,17.9.0
python3-update-manager,18.04.11.4
python3-urllib3,1.22
python3-wheel,0.30.0
python3-xdg,0.25
python3-yaml,3.12
python3-zope.interface,4.3.2
python3.6,3.6.5
python3.6-dev,3.6.5
python3.6-minimal,3.6.5
qemu,2.11
qemu-block-extra:amd64,2.11
qemu-slof,20170724
qemu-system,2.11
qemu-system-arm,2.11
qemu-system-common,2.11
qemu-system-mips,2.11
qemu-system-misc,2.11
qemu-system-ppc,2.11
qemu-system-s390x,2.11
qemu-system-sparc,2.11
qemu-system-x86,2.11
qemu-user,2.11
qemu-user-binfmt,2.11
qemu-utils,2.11
qt5-gtk-platformtheme:amd64,5.9.5
qttranslations5-l10n,5.9.5
rake,12.3.1
readline-common,7.0
rsync,3.1.2
rsyslog,8.32.0
ruby,2.5.1
ruby-did-you-mean,1.2.0
ruby-minitest,5.10.3
ruby-net-telnet,0.1.1
ruby-power-assert,0.3.0
ruby-test-unit,3.2.5
ruby2.5,2.5.1
rubygems-integration,1.11
run-one,1.17
screen,4.6.2
seabios,1.10.2
sed,4.4
sensible-utils,0.0.12
shared-mime-info,1.9
sharutils,4.15.2
snapd,2.34.2
software-properties-common,0.96.24.32.4
sosreport,3.5
squashfs-tools,4.3
ssh-import-id,5.7
strace,4.21
sudo,1.8.21p2
systemd,237
systemd-sysv,237
sysvinit-utils,2.88dsf
tar,1.29b
tcpdump,4.9.2
telnet,0.17
time,1.7
tmux,2.6
tree,1.7.0
tzdata,2018i
ubuntu-advantage-tools,17
ubuntu-dbgsym-keyring,2018.09.18.1
ubuntu-keyring,2018.02.28
ubuntu-minimal,1.417
ubuntu-mono,16.10
ubuntu-release-upgrader-core,18.04.21
ubuntu-server,1.417
ubuntu-standard,1.417
ucf,3.0038
udev,237
ufw,0.35
uidmap,4.5
unattended-upgrades,1.1
unzip,6.0
update-manager-core,18.04.11.4
update-notifier-common,3.192.1.3
ureadahead,0.100.0
usbutils,007
util-linux,2.31.1
uuid-runtime,2.31.1
vim,8.0.1453
vim-common,8.0.1453
vim-runtime,8.0.1453
vim-tiny,8.0.1453
virtualbox,5.2.10
virtualbox-dkms,5.2.10
virtualbox-ext-pack,5.2.10
virtualbox-qt,5.2.10
wget,1.19.4
whiptail,0.52.20
x11-common,7.7
xauth,1.0.10
xdelta3,3.0.11
xdg-user-dirs,0.17
xfsprogs,4.9.0
xkb-data,2.23.1
xxd,8.0.1453
xz-utils,5.2.2
zerofree,1.0.4
zip,3.0
zlib1g:amd64,1.2.11.dfsg
zlib1g-dev:amd64,1.2.11.dfsg
zsh,5.4.2
zsh-common,5.4.2